PROVIDER_ID,PROCEDURE_COUNT,READMISSION_COUNT,DEATH_COUNT,COMPLICATION_COUNT,PERCENTAGE
9852,1,0,0,0,0.0
14832,3,0,0,0,0.0
22223,1,0,0,0,0.0
31261,1,0,0,0,0.0
76110,1,0,0,0,0.0
232903,2,0,0,0,0.0
496723,1,0,0,0,0.0
504676,1,0,0,0,0.0
21715,1,0,0,0,0.0
34103,1,0,0,0,0.0
91412,1,0,0,0,0.0
122710,1,0,0,0,0.0
124524,1,0,0,0,0.0
128026,1,0,0,0,0.0
151791,1,0,0,0,0.0
266548,1,0,0,0,0.0
267715,1,0,0,0,0.0
310013,1,0,0,0,0.0
552000,1,0,0,0,0.0
628789,1,0,0,0,0.0
37818,1,0,0,0,0.0
60964,1,0,0,0,0.0
98376,1,0,0,0,0.0
211983,1,0,0,0,0.0
268610,1,0,0,0,0.0
297777,1,0,0,0,0.0
317022,1,0,0,0,0.0
322461,1,0,0,0,0.0
341822,1,0,0,0,0.0
357647,1,0,0,0,0.0
580857,1,0,0,0,0.0
819157,1,0,0,0,0.0
251,1,0,0,0,0.0
4239,1,0,0,0,0.0
32554,1,0,0,0,0.0
65879,1,0,0,0,0.0
66289,1,0,0,0,0.0
77913,1,0,0,0,0.0
97579,2,0,0,0,0.0
185553,1,0,0,0,0.0
187922,2,0,0,0,0.0
253032,1,0,0,0,0.0
307590,1,0,0,0,0.0
310292,1,0,0,0,0.0
315842,1,0,0,0,0.0
587236,1,0,0,0,0.0
3566,1,0,0,0,0.0
10567,1,0,0,0,0.0
83842,1,0,0,0,0.0
88527,1,0,0,0,0.0
145145,1,0,0,0,0.0
270989,1,0,0,0,0.0
312753,2,0,0,0,0.0
314987,1,0,0,0,0.0
488156,1,0,0,0,0.0
3028,1,0,0,0,0.0
12184,3,0,0,0,0.0
17346,1,0,0,0,0.0
37812,2,0,0,0,0.0
50393,1,0,0,0,0.0
52882,1,0,0,0,0.0
56661,1,0,0,0,0.0
61129,1,0,0,0,0.0
66800,1,0,0,0,0.0
82935,1,0,0,0,0.0
107997,1,0,0,0,0.0
112101,1,0,0,0,0.0
115498,1,0,0,0,0.0
137904,1,0,0,0,0.0
171588,2,0,0,0,0.0
175968,1,0,0,0,0.0
185145,1,0,0,0,0.0
189490,2,0,0,0,0.0
230718,1,0,0,0,0.0
350573,1,0,0,0,0.0
388978,1,0,0,0,0.0
27472,1,0,0,0,0.0
43411,1,0,0,0,0.0
58985,1,0,0,0,0.0
61155,1,0,0,0,0.0
92176,1,0,0,0,0.0
156803,1,0,0,0,0.0
224524,1,0,0,0,0.0
236417,1,0,0,0,0.0
4624,1,0,0,0,0.0
25169,3,0,0,0,0.0
149877,1,0,0,0,0.0
218563,1,0,0,0,0.0
233606,1,0,0,0,0.0
271890,1,0,0,0,0.0
274954,1,0,0,0,0.0
857,1,0,0,0,0.0
1160,1,0,0,0,0.0
4725,1,0,0,0,0.0
19358,15,0,0,0,0.0
97191,2,0,0,0,0.0
150350,1,0,0,0,0.0
164926,1,0,0,0,0.0
233135,1,0,0,0,0.0
397106,1,0,0,0,0.0
21200,5,0,0,0,0.0
34619,12,0,0,0,0.0
38757,2,0,0,0,0.0
83104,1,0,0,0,0.0
100980,1,0,0,0,0.0
118975,1,0,0,0,0.0
150244,1,0,0,0,0.0
153226,1,0,0,0,0.0
194148,1,0,0,0,0.0
247691,1,0,0,0,0.0
275442,1,0,0,0,0.0
297320,1,0,0,0,0.0
443442,1,0,0,0,0.0
30813,2,0,0,0,0.0
73205,1,0,0,0,0.0
117177,1,0,0,0,0.0
134622,1,0,0,0,0.0
137588,1,0,0,0,0.0
143892,5,0,0,0,0.0
175575,1,0,0,0,0.0
218072,1,0,0,0,0.0
356415,1,0,0,0,0.0
483556,1,0,0,0,0.0
767359,1,0,0,0,0.0
8354,6,0,0,0,0.0
25209,1,0,0,0,0.0
62376,2,0,0,0,0.0
90234,1,0,0,0,0.0
233991,1,0,0,0,0.0
263327,1,0,0,0,0.0
280974,1,0,0,0,0.0
281588,1,0,0,0,0.0
17798,1,0,0,0,0.0
26273,2,0,0,0,0.0
32309,1,0,0,0,0.0
65168,1,0,0,0,0.0
74528,2,0,0,0,0.0
89672,1,0,0,0,0.0
126364,1,0,0,0,0.0
133860,1,0,0,0,0.0
158553,2,0,0,0,0.0
248580,1,0,0,0,0.0
253902,1,0,0,0,0.0
270234,1,0,0,0,0.0
282411,1,0,0,0,0.0
346810,1,0,0,0,0.0
400300,1,0,0,0,0.0
3026,1,0,0,0,0.0
21379,1,0,0,0,0.0
34305,1,0,0,0,0.0
75713,1,0,0,0,0.0
91107,1,0,0,0,0.0
127649,2,0,0,0,0.0
138819,1,0,0,0,0.0
214136,2,0,0,0,0.0
217605,1,0,0,0,0.0
234739,1,0,0,0,0.0
250139,1,0,0,0,0.0
253301,1,0,0,0,0.0
272678,1,0,0,0,0.0
393745,1,0,0,0,0.0
393850,1,0,0,0,0.0
395483,1,0,0,0,0.0
551328,1,0,0,0,0.0
598034,1,0,0,0,0.0
627097,1,0,0,0,0.0
1031,1,0,0,0,0.0
2052,1,0,0,0,0.0
43057,1,0,0,0,0.0
46073,1,0,0,0,0.0
49096,2,0,0,0,0.0
102610,1,0,0,0,0.0
119999,1,0,0,0,0.0
129905,3,0,0,0,0.0
167974,1,0,0,0,0.0
169835,1,0,0,0,0.0
189469,1,0,0,0,0.0
211351,1,0,0,0,0.0
286024,1,0,0,0,0.0
331589,1,0,0,0,0.0
612231,1,0,0,0,0.0
747889,1,0,0,0,0.0
1296,1,0,0,0,0.0
54570,1,0,0,0,0.0
79111,1,0,0,0,0.0
166679,1,0,0,0,0.0
340815,1,0,0,0,0.0
568287,1,0,0,0,0.0
1163,11,1,0,1,0.0909090909091
14419,1,0,0,0,0.0
33177,1,0,0,0,0.0
88053,3,0,0,0,0.0
145265,1,0,0,0,0.0
169290,1,0,0,0,0.0
324975,1,0,0,0,0.0
636966,1,0,0,0,0.0
23334,1,0,0,0,0.0
42204,18,0,0,0,0.0
140662,1,0,0,0,0.0
162445,1,0,0,0,0.0
194988,1,0,0,0,0.0
208275,2,0,0,0,0.0
308612,1,0,0,0,0.0
337904,1,0,0,0,0.0
388218,1,0,0,0,0.0
21252,1,0,0,0,0.0
26555,1,0,0,0,0.0
55994,1,0,0,0,0.0
59792,1,0,0,0,0.0
64095,1,0,0,0,0.0
77564,1,0,0,0,0.0
144939,1,0,0,0,0.0
229006,1,0,0,0,0.0
339332,1,0,0,0,0.0
397524,1,0,0,0,0.0
416681,1,0,0,0,0.0
442160,1,0,0,0,0.0
606373,1,0,0,0,0.0
7116,1,0,0,0,0.0
14266,1,0,0,0,0.0
25494,3,0,0,0,0.0
98441,2,0,0,0,0.0
137334,1,0,0,0,0.0
178099,1,0,0,0,0.0
187981,1,0,0,0,0.0
202830,1,0,0,0,0.0
211703,1,0,0,0,0.0
251842,1,0,0,0,0.0
266661,3,0,0,0,0.0
301263,1,0,0,0,0.0
364259,1,0,0,0,0.0
4876,1,0,0,0,0.0
8822,5,0,0,0,0.0
12731,6,0,0,0,0.0
81754,1,0,0,0,0.0
182285,1,0,0,0,0.0
284990,1,0,0,0,0.0
411062,1,0,0,0,0.0
438743,1,0,0,0,0.0
471183,1,0,0,0,0.0
13372,2,0,0,0,0.0
18088,1,0,0,0,0.0
33873,1,0,0,0,0.0
38741,1,0,0,0,0.0
70278,2,0,0,0,0.0
72548,1,0,0,0,0.0
77305,1,0,0,0,0.0
79338,1,0,0,0,0.0
102601,1,0,0,0,0.0
106554,1,0,0,0,0.0
109385,1,0,0,0,0.0
111743,1,0,0,0,0.0
116059,1,0,0,0,0.0
124502,1,0,0,0,0.0
142777,2,0,0,0,0.0
214448,2,0,0,0,0.0
386844,1,0,0,0,0.0
6949,2,0,0,0,0.0
21288,13,0,0,0,0.0
29488,4,0,0,0,0.0
128953,1,0,0,0,0.0
132326,1,0,0,0,0.0
218308,1,0,0,0,0.0
256958,1,0,0,0,0.0
295690,1,0,0,0,0.0
326091,1,0,0,0,0.0
331587,1,0,0,0,0.0
342244,1,0,0,0,0.0
33673,1,0,0,0,0.0
56130,1,0,0,0,0.0
70787,4,0,0,0,0.0
104793,1,1,0,1,1.0
121946,1,0,0,0,0.0
127304,1,0,0,0,0.0
190236,1,0,0,0,0.0
217388,1,0,0,0,0.0
273836,1,0,0,0,0.0
412760,1,0,0,0,0.0
478013,1,0,0,0,0.0
481391,1,0,0,0,0.0
14587,1,0,0,0,0.0
53492,1,0,0,0,0.0
58300,1,0,0,0,0.0
77016,1,0,0,0,0.0
137703,1,0,0,0,0.0
164594,1,0,0,0,0.0
165048,1,0,0,0,0.0
223372,1,0,0,0,0.0
224764,1,0,0,0,0.0
389506,1,0,0,0,0.0
702607,1,0,0,0,0.0
5069,1,0,0,0,0.0
6716,2,0,0,0,0.0
63580,4,0,0,0,0.0
136720,3,0,0,0,0.0
138851,1,0,0,0,0.0
155293,1,0,0,0,0.0
189348,1,0,0,0,0.0
406538,1,0,0,0,0.0
445005,1,0,0,0,0.0
54152,1,0,0,0,0.0
91166,1,0,0,0,0.0
226201,2,0,0,0,0.0
255123,1,0,0,0,0.0
355247,1,0,0,0,0.0
527609,1,1,0,1,1.0
41507,1,0,0,0,0.0
148068,1,0,0,0,0.0
172695,1,0,0,0,0.0
182967,1,0,0,0,0.0
227336,1,0,0,0,0.0
335119,1,0,0,0,0.0
5112,1,0,0,0,0.0
109196,1,0,0,0,0.0
170208,1,0,0,0,0.0
219659,1,0,0,0,0.0
331637,1,0,0,0,0.0
357044,1,0,0,0,0.0
382018,1,0,0,0,0.0
460931,1,0,0,0,0.0
496296,1,0,0,0,0.0
222,1,0,0,0,0.0
9078,2,0,0,0,0.0
15364,1,0,0,0,0.0
15835,1,0,0,0,0.0
30887,5,0,0,0,0.0
44329,3,0,0,0,0.0
53644,1,0,0,0,0.0
77881,1,0,0,0,0.0
91491,1,0,0,0,0.0
162648,1,0,0,0,0.0
225221,1,0,0,0,0.0
240477,1,0,0,0,0.0
244810,1,0,0,0,0.0
285530,1,0,0,0,0.0
719664,1,0,0,0,0.0
44138,1,0,0,0,0.0
57518,1,0,0,0,0.0
59237,1,0,0,0,0.0
64843,1,0,0,0,0.0
97455,1,0,0,0,0.0
129547,1,0,0,0,0.0
144922,1,0,0,0,0.0
168888,1,0,0,0,0.0
339982,1,0,0,0,0.0
388932,1,0,0,0,0.0
122,1,0,0,0,0.0
4028,1,0,0,0,0.0
17915,1,0,0,0,0.0
19988,1,0,0,0,0.0
29437,3,0,0,0,0.0
38853,1,0,0,0,0.0
45680,1,0,0,0,0.0
109384,1,0,0,0,0.0
115468,1,0,0,0,0.0
125253,1,0,0,0,0.0
164752,1,0,0,0,0.0
226019,1,0,0,0,0.0
269208,1,0,0,0,0.0
595754,1,0,0,0,0.0
35215,1,0,0,0,0.0
42428,1,0,0,0,0.0
71911,1,0,0,0,0.0
110811,1,0,0,0,0.0
242715,1,0,0,0,0.0
267865,1,0,0,0,0.0
285773,1,0,0,0,0.0
287236,1,0,0,0,0.0
293368,1,0,0,0,0.0
476310,1,0,0,0,0.0
4455,1,0,0,0,0.0
18100,2,0,0,0,0.0
31398,7,0,0,0,0.0
37946,1,0,0,0,0.0
52786,1,0,0,0,0.0
62403,2,0,0,0,0.0
85547,1,0,0,0,0.0
90858,1,0,0,0,0.0
103138,1,0,0,0,0.0
108059,1,0,0,0,0.0
118807,1,0,0,0,0.0
130535,1,0,0,0,0.0
132678,1,0,0,0,0.0
142524,1,0,0,0,0.0
171117,1,0,0,0,0.0
215013,1,0,0,0,0.0
231416,3,0,0,0,0.0
280075,1,0,0,0,0.0
28126,1,0,0,0,0.0
42082,1,0,0,0,0.0
46109,1,0,0,0,0.0
46789,1,0,0,0,0.0
52534,2,0,0,0,0.0
65344,1,0,0,0,0.0
71555,1,0,0,0,0.0
170947,1,0,0,0,0.0
203877,2,0,0,0,0.0
284805,1,0,0,0,0.0
341071,1,0,0,0,0.0
367990,1,0,0,0,0.0
416107,1,0,0,0,0.0
467136,1,0,0,0,0.0
564575,1,0,0,0,0.0
6024,1,0,0,0,0.0
18041,2,0,0,0,0.0
29277,1,0,0,0,0.0
31096,1,0,0,0,0.0
33275,1,0,0,0,0.0
42306,3,0,0,0,0.0
44748,1,0,0,0,0.0
115450,1,0,0,0,0.0
132937,1,0,0,0,0.0
139019,1,0,0,0,0.0
141402,1,0,0,0,0.0
144256,1,0,0,0,0.0
181446,2,0,0,0,0.0
188367,1,0,0,0,0.0
198213,1,0,0,0,0.0
204660,3,0,0,0,0.0
251127,1,0,0,0,0.0
6946,2,0,0,0,0.0
54609,1,0,0,0,0.0
86573,1,0,0,0,0.0
124484,1,0,0,0,0.0
131939,2,0,0,0,0.0
146327,1,0,0,0,0.0
153682,1,0,0,0,0.0
187747,1,0,0,0,0.0
189349,1,0,0,0,0.0
197520,1,0,0,0,0.0
343186,2,1,0,1,0.5
462307,1,0,0,0,0.0
152,1,0,0,0,0.0
4246,1,0,0,0,0.0
15760,1,0,0,0,0.0
48878,5,0,0,0,0.0
85217,1,0,0,0,0.0
100708,1,0,0,0,0.0
162405,1,0,0,0,0.0
204080,1,0,0,0,0.0
205039,1,0,0,0,0.0
216165,2,0,0,0,0.0
273093,1,0,0,0,0.0
2312,1,0,0,0,0.0
26267,1,0,0,0,0.0
58761,1,0,0,0,0.0
60508,2,0,0,0,0.0
96107,1,0,0,0,0.0
138290,1,0,0,0,0.0
228814,2,0,0,0,0.0
240795,2,0,0,0,0.0
254688,2,0,0,0,0.0
255439,1,0,0,0,0.0
350809,1,0,0,0,0.0
11397,1,0,0,0,0.0
26976,1,0,0,0,0.0
33116,2,0,0,0,0.0
35040,1,0,0,0,0.0
83986,1,0,0,0,0.0
104175,1,0,0,0,0.0
140453,1,0,0,0,0.0
210970,1,0,0,0,0.0
219745,1,0,0,0,0.0
280275,1,0,0,0,0.0
343591,2,0,0,0,0.0
381157,1,0,0,0,0.0
12896,1,0,0,0,0.0
17623,1,0,0,0,0.0
52157,1,0,0,0,0.0
70119,1,0,0,0,0.0
105781,4,0,0,0,0.0
138198,1,0,0,0,0.0
151151,1,0,0,0,0.0
204916,1,0,0,0,0.0
251437,1,0,0,0,0.0
272688,1,0,0,0,0.0
284077,1,0,0,0,0.0
491041,1,0,0,0,0.0
1488,1,0,0,0,0.0
42092,1,0,0,0,0.0
63619,1,0,0,0,0.0
72884,1,0,0,0,0.0
158544,1,0,0,0,0.0
199627,1,0,0,0,0.0
242724,3,0,0,0,0.0
256836,1,0,0,0,0.0
344677,1,0,0,0,0.0
379135,1,0,0,0,0.0
612209,1,0,0,0,0.0
25749,1,0,0,0,0.0
47684,1,0,0,0,0.0
50690,1,0,0,0,0.0
75592,4,0,0,0,0.0
104607,1,0,0,0,0.0
131153,1,0,0,0,0.0
204752,1,0,0,0,0.0
256658,1,0,0,0,0.0
499212,1,0,0,0,0.0
23278,1,0,0,0,0.0
45032,7,0,0,0,0.0
52844,1,0,0,0,0.0
73187,1,0,0,0,0.0
135375,1,0,0,0,0.0
203787,2,0,0,0,0.0
277555,1,0,0,0,0.0
323028,1,0,0,0,0.0
671514,1,0,0,0,0.0
3147,1,0,0,0,0.0
27917,1,0,0,0,0.0
30653,1,0,0,0,0.0
39330,1,0,0,0,0.0
53488,3,0,0,0,0.0
57247,1,0,0,0,0.0
88655,1,0,0,0,0.0
98014,1,0,0,0,0.0
104477,1,0,0,0,0.0
113785,1,0,0,0,0.0
149274,1,0,0,0,0.0
186401,1,0,0,0,0.0
217348,1,0,0,0,0.0
331189,1,0,0,0,0.0
354088,1,0,0,0,0.0
5341,1,0,0,0,0.0
50296,1,0,0,0,0.0
76377,1,0,0,0,0.0
145995,5,0,0,0,0.0
157669,1,0,0,0,0.0
280226,1,0,0,0,0.0
326190,1,0,0,0,0.0
502635,1,0,0,0,0.0
1878,2,0,0,0,0.0
2633,8,0,0,0,0.0
31479,1,0,0,0,0.0
100669,1,0,0,0,0.0
173783,1,0,0,0,0.0
208232,1,0,0,0,0.0
235601,1,0,0,0,0.0
247522,2,0,0,0,0.0
424475,1,0,0,0,0.0
521731,1,0,0,0,0.0
566708,1,0,0,0,0.0
635509,1,0,0,0,0.0
770893,1,0,0,0,0.0
689,1,0,0,0,0.0
18037,2,0,0,0,0.0
42517,1,0,0,0,0.0
76482,1,0,0,0,0.0
108535,1,0,0,0,0.0
354824,1,0,0,0,0.0
435620,1,0,0,0,0.0
514378,1,0,0,0,0.0
8537,2,0,0,0,0.0
20016,1,0,0,0,0.0
90034,2,0,0,0,0.0
115818,2,0,0,0,0.0
130349,1,0,0,0,0.0
134257,1,0,0,0,0.0
136694,2,0,0,0,0.0
139048,2,0,0,0,0.0
552863,1,0,0,0,0.0
16,1,0,0,0,0.0
86,1,0,0,0,0.0
19974,1,0,0,0,0.0
55784,3,0,0,0,0.0
63136,2,0,0,0,0.0
107909,4,0,0,0,0.0
122627,1,0,0,0,0.0
140208,1,0,0,0,0.0
173169,1,0,0,0,0.0
200322,1,0,0,0,0.0
345514,1,0,0,0,0.0
34589,1,0,0,0,0.0
106686,1,0,0,0,0.0
122761,1,0,0,0,0.0
187921,2,0,0,0,0.0
219995,1,0,0,0,0.0
225549,1,0,0,0,0.0
15010,1,0,0,0,0.0
29592,1,0,0,0,0.0
32745,3,0,0,0,0.0
73514,1,0,0,0,0.0
91161,1,0,0,0,0.0
132899,1,0,0,0,0.0
144795,1,0,0,0,0.0
195402,2,0,0,0,0.0
239710,1,0,0,0,0.0
258337,2,0,0,0,0.0
351995,1,0,0,0,0.0
361726,1,0,0,0,0.0
437807,1,0,0,0,0.0
451003,1,0,0,0,0.0
477255,1,0,0,0,0.0
328,1,0,0,0,0.0
13634,1,0,0,0,0.0
31857,2,0,0,0,0.0
34153,3,0,0,0,0.0
94325,1,0,0,0,0.0
150000,1,0,0,0,0.0
196453,1,0,0,0,0.0
362812,1,0,0,0,0.0
1997,2,0,0,0,0.0
9411,1,0,0,0,0.0
26675,6,0,0,0,0.0
27552,1,0,0,0,0.0
43598,1,0,0,0,0.0
87874,1,0,0,0,0.0
120371,1,0,0,0,0.0
331815,1,0,0,0,0.0
489215,1,0,0,0,0.0
579286,1,0,0,0,0.0
9980,1,0,0,0,0.0
59443,1,0,0,0,0.0
85055,1,0,0,0,0.0
133381,1,0,0,0,0.0
151297,1,0,0,0,0.0
204060,1,0,0,0,0.0
224737,1,0,0,0,0.0
235161,2,0,0,0,0.0
334160,1,0,0,0,0.0
365707,1,0,0,0,0.0
5247,14,0,0,0,0.0
38861,1,0,0,0,0.0
39700,1,0,0,0,0.0
49460,1,0,0,0,0.0
57515,1,0,0,0,0.0
69851,1,0,0,0,0.0
106681,1,0,0,0,0.0
119179,1,0,0,0,0.0
141094,1,0,0,0,0.0
150434,1,0,0,0,0.0
153417,1,0,0,0,0.0
196102,1,0,0,0,0.0
220621,1,0,0,0,0.0
232511,1,0,0,0,0.0
435939,1,0,0,0,0.0
1538,1,0,0,0,0.0
14510,1,0,0,0,0.0
16552,2,0,0,0,0.0
21199,1,0,0,0,0.0
29147,1,0,0,0,0.0
66527,1,0,0,0,0.0
66891,3,0,0,0,0.0
67774,2,0,0,0,0.0
80920,2,0,0,0,0.0
98400,2,0,0,0,0.0
105025,1,0,0,0,0.0
144585,1,0,0,0,0.0
174764,1,0,0,0,0.0
198435,1,0,0,0,0.0
312373,1,0,0,0,0.0
317272,1,0,0,0,0.0
578138,1,0,0,0,0.0
582,1,0,0,0,0.0
33669,1,0,0,0,0.0
53204,1,0,0,0,0.0
133305,1,0,0,0,0.0
148319,1,0,0,0,0.0
161982,1,0,0,0,0.0
206031,2,0,0,0,0.0
270874,1,0,0,0,0.0
352081,1,0,0,0,0.0
469640,1,0,0,0,0.0
19740,1,0,0,0,0.0
21750,1,0,0,0,0.0
47679,1,0,0,0,0.0
87003,1,0,0,0,0.0
134240,2,0,0,0,0.0
206499,1,0,0,0,0.0
7506,2,0,0,0,0.0
23762,1,0,0,0,0.0
68567,1,0,0,0,0.0
71017,1,0,0,0,0.0
170149,1,0,0,0,0.0
232492,1,0,0,0,0.0
316666,1,0,0,0,0.0
848110,1,0,0,0,0.0
53564,1,0,0,0,0.0
84505,1,0,0,0,0.0
108590,1,0,0,0,0.0
213397,1,0,0,0,0.0
281369,1,0,0,0,0.0
308556,2,0,0,0,0.0
11919,1,0,0,0,0.0
31641,1,0,0,0,0.0
61284,7,0,0,0,0.0
61285,3,0,0,0,0.0
145996,1,0,0,0,0.0
203380,1,0,0,0,0.0
329285,1,0,0,0,0.0
342768,1,0,0,0,0.0
395650,1,0,0,0,0.0
11779,1,0,0,0,0.0
14476,1,0,0,0,0.0
32991,1,0,0,0,0.0
42497,3,0,0,0,0.0
164040,1,0,0,0,0.0
172606,1,0,0,0,0.0
190897,1,0,0,0,0.0
216114,1,0,0,0,0.0
266126,1,0,0,0,0.0
346073,1,0,0,0,0.0
635554,1,0,0,0,0.0
15117,3,0,0,0,0.0
19229,3,0,0,0,0.0
21337,1,0,0,0,0.0
26384,1,0,0,0,0.0
33098,1,0,0,0,0.0
33280,1,0,0,0,0.0
42146,1,0,0,0,0.0
89427,1,0,0,0,0.0
109769,1,0,0,0,0.0
191198,1,0,0,0,0.0
218154,1,0,0,0,0.0
250188,1,0,0,0,0.0
256178,1,0,0,0,0.0
356581,1,0,0,0,0.0
531290,1,0,0,0,0.0
646730,1,0,0,0,0.0
3683,9,0,0,0,0.0
8455,1,0,0,0,0.0
12808,1,0,0,0,0.0
30492,1,0,0,0,0.0
65274,1,0,0,0,0.0
75395,1,0,0,0,0.0
144120,1,0,0,0,0.0
159390,1,0,0,0,0.0
283763,1,0,0,0,0.0
312113,1,0,0,0,0.0
351534,1,0,0,0,0.0
366258,1,0,0,0,0.0
40451,1,0,0,0,0.0
51584,1,0,0,0,0.0
60413,1,0,0,0,0.0
64897,1,0,0,0,0.0
100356,1,0,0,0,0.0
145451,1,0,0,0,0.0
196841,1,0,0,0,0.0
248681,2,0,0,0,0.0
287582,1,0,0,0,0.0
403117,1,0,0,0,0.0
405055,1,0,0,0,0.0
405944,1,0,0,0,0.0
501996,1,0,0,0,0.0
506920,1,0,0,0,0.0
601095,1,0,0,0,0.0
34525,1,0,0,0,0.0
38836,3,0,0,0,0.0
40720,1,0,0,0,0.0
53439,1,0,0,0,0.0
60260,10,0,0,0,0.0
84615,1,0,0,0,0.0
111441,1,0,0,0,0.0
129400,1,0,0,0,0.0
143912,1,0,0,0,0.0
194696,1,0,0,0,0.0
269052,1,0,0,0,0.0
321120,1,0,0,0,0.0
588397,1,0,0,0,0.0
959,2,0,0,0,0.0
21622,1,0,0,0,0.0
27912,1,0,0,0,0.0
99480,1,0,0,0,0.0
126483,1,0,0,0,0.0
132840,1,0,0,0,0.0
140447,1,0,0,0,0.0
173619,1,0,0,0,0.0
216031,1,0,0,0,0.0
29094,1,0,0,0,0.0
59880,1,0,0,0,0.0
77174,1,0,0,0,0.0
154052,1,0,0,0,0.0
154434,1,0,0,0,0.0
159065,1,0,0,0,0.0
166726,2,0,0,0,0.0
236319,1,0,0,0,0.0
250855,1,0,0,0,0.0
263780,1,0,0,0,0.0
331128,1,0,0,0,0.0
388212,1,0,0,0,0.0
476172,1,0,0,0,0.0
11560,2,0,0,0,0.0
15877,2,0,0,0,0.0
25636,1,0,0,0,0.0
32993,1,0,0,0,0.0
36863,1,0,0,0,0.0
37443,2,0,0,0,0.0
49683,9,0,0,0,0.0
53990,1,0,0,0,0.0
85529,1,0,0,0,0.0
120402,1,0,0,0,0.0
125156,2,0,0,0,0.0
210184,4,0,0,0,0.0
263239,1,0,0,0,0.0
281656,1,0,0,0,0.0
292515,1,0,0,0,0.0
326621,1,0,0,0,0.0
418867,1,0,0,0,0.0
7215,1,0,0,0,0.0
7425,1,0,0,0,0.0
8248,1,0,0,0,0.0
33145,1,0,0,0,0.0
34422,1,0,0,0,0.0
46343,7,1,0,1,0.142857142857
53286,1,0,0,0,0.0
97204,1,0,0,0,0.0
131561,1,0,0,0,0.0
223466,1,0,0,0,0.0
275320,1,0,0,0,0.0
414964,1,0,0,0,0.0
580393,1,0,0,0,0.0
1128,1,0,0,0,0.0
97615,2,0,0,0,0.0
115845,1,0,0,0,0.0
172824,1,0,0,0,0.0
175621,1,0,0,0,0.0
215248,1,0,0,0,0.0
284013,1,0,0,0,0.0
320645,1,0,0,0,0.0
335075,2,0,0,0,0.0
335328,2,0,0,0,0.0
506922,1,0,0,0,0.0
1186,1,0,0,0,0.0
47903,1,0,0,0,0.0
56890,1,0,0,0,0.0
58384,3,0,0,0,0.0
71406,1,0,0,0,0.0
106283,1,0,0,0,0.0
151360,1,0,0,0,0.0
153241,2,0,0,0,0.0
174909,2,0,0,0,0.0
186261,1,0,0,0,0.0
231088,1,0,0,0,0.0
281266,1,0,0,0,0.0
376884,1,0,0,0,0.0
400363,1,0,0,0,0.0
506368,1,0,0,0,0.0
649573,1,0,0,0,0.0
658576,1,0,0,0,0.0
843447,1,0,0,0,0.0
1299,2,0,0,0,0.0
34979,5,0,0,0,0.0
36232,1,0,0,0,0.0
46101,2,0,0,0,0.0
52981,2,0,0,0,0.0
63734,1,0,0,0,0.0
107825,1,0,0,0,0.0
131832,1,0,0,0,0.0
147975,1,0,0,0,0.0
161726,1,0,0,0,0.0
251949,1,0,0,0,0.0
267301,1,0,0,0,0.0
299569,1,0,0,0,0.0
302532,1,0,0,0,0.0
328325,2,0,0,0,0.0
340349,1,0,0,0,0.0
405116,1,0,0,0,0.0
625450,1,0,0,0,0.0
3694,3,0,0,0,0.0
10130,11,0,0,0,0.0
33578,1,0,0,0,0.0
47976,1,0,0,0,0.0
49200,6,0,0,0,0.0
81231,1,0,0,0,0.0
114363,1,0,0,0,0.0
124380,1,0,0,0,0.0
186259,1,0,0,0,0.0
245007,1,0,0,0,0.0
323097,1,0,0,0,0.0
28287,1,0,0,0,0.0
52138,2,0,0,0,0.0
83446,1,0,0,0,0.0
148556,1,0,0,0,0.0
170418,1,0,0,0,0.0
192862,1,0,0,0,0.0
226181,1,0,0,0,0.0
252213,3,1,0,1,0.333333333333
424505,1,0,0,0,0.0
427565,1,0,0,0,0.0
9948,1,0,0,0,0.0
22599,2,0,0,0,0.0
51718,1,0,0,0,0.0
57477,1,0,0,0,0.0
61665,4,0,0,0,0.0
270663,2,0,0,0,0.0
330541,1,0,0,0,0.0
2420,1,0,0,0,0.0
59864,1,0,0,0,0.0
75399,1,0,0,0,0.0
81727,1,0,0,0,0.0
100190,1,0,0,0,0.0
104255,1,0,0,0,0.0
109827,1,0,0,0,0.0
184536,1,0,0,0,0.0
227393,1,0,0,0,0.0
701097,1,0,0,0,0.0
5675,1,0,0,0,0.0
16795,1,0,0,0,0.0
18197,3,0,0,0,0.0
25637,12,0,0,0,0.0
52724,1,0,0,0,0.0
66268,1,0,0,0,0.0
72293,1,0,0,0,0.0
74253,2,0,0,0,0.0
95508,2,0,0,0,0.0
125744,1,0,0,0,0.0
219389,1,0,0,0,0.0
268524,1,0,0,0,0.0
287738,1,0,0,0,0.0
14099,15,0,0,0,0.0
30968,2,0,0,0,0.0
45318,1,0,0,0,0.0
53418,1,0,0,0,0.0
70788,1,0,0,0,0.0
91038,1,0,0,0,0.0
93125,1,0,0,0,0.0
100540,1,0,0,0,0.0
154022,1,0,0,0,0.0
201131,1,0,0,0,0.0
202820,1,0,0,0,0.0
350297,1,0,0,0,0.0
404081,1,0,0,0,0.0
405176,1,0,0,0,0.0
568525,1,0,0,0,0.0
11193,1,0,0,0,0.0
17152,1,0,0,0,0.0
23950,1,0,0,0,0.0
24531,1,0,0,0,0.0
34154,3,0,0,0,0.0
81360,2,0,0,0,0.0
188408,2,0,0,0,0.0
226242,1,0,0,0,0.0
227157,1,0,0,0,0.0
296793,1,0,0,0,0.0
364669,1,0,0,0,0.0
443695,1,0,0,0,0.0
36191,1,0,0,0,0.0
39062,1,0,0,0,0.0
56657,1,0,0,0,0.0
72027,1,0,0,0,0.0
145687,1,0,0,0,0.0
211109,1,0,0,0,0.0
285947,1,0,0,0,0.0
361778,1,0,0,0,0.0
571384,1,0,0,0,0.0
24450,1,0,0,0,0.0
38058,1,0,0,0,0.0
172238,1,0,0,0,0.0
516376,1,0,0,0,0.0
538575,1,0,0,0,0.0
773805,1,0,0,0,0.0
7142,1,0,0,0,0.0
29153,2,0,0,0,0.0
45792,1,0,0,0,0.0
51059,1,0,0,0,0.0
59708,1,0,0,0,0.0
97297,1,0,0,0,0.0
123403,1,0,0,0,0.0
147118,1,0,0,0,0.0
314337,1,0,0,0,0.0
346039,1,0,0,0,0.0
391556,1,0,0,0,0.0
394835,1,0,0,0,0.0
432077,1,0,0,0,0.0
484672,1,0,0,0,0.0
12095,1,0,0,0,0.0
14155,1,0,0,0,0.0
83189,1,0,0,0,0.0
119743,1,0,0,0,0.0
177364,1,0,0,0,0.0
187011,1,0,0,0,0.0
188871,2,0,0,0,0.0
222114,1,0,0,0,0.0
452020,1,0,0,0,0.0
11179,1,0,0,0,0.0
35336,1,0,0,0,0.0
85838,1,0,0,0,0.0
109541,1,0,0,0,0.0
269043,1,0,0,0,0.0
288859,1,0,0,0,0.0
318167,1,0,0,0,0.0
11490,1,0,0,0,0.0
18067,1,0,0,0,0.0
34839,1,0,0,0,0.0
71554,1,0,0,0,0.0
86737,2,0,0,0,0.0
91657,1,0,0,0,0.0
173435,1,0,0,0,0.0
242976,2,0,0,0,0.0
301442,1,0,0,0,0.0
324069,1,0,0,0,0.0
621828,1,0,0,0,0.0
6631,1,0,0,0,0.0
13441,1,0,0,0,0.0
54991,1,0,0,0,0.0
97047,1,0,0,0,0.0
115114,1,0,0,0,0.0
135166,1,0,0,0,0.0
157813,1,0,0,0,0.0
412585,1,0,0,0,0.0
418581,1,0,0,0,0.0
480555,1,0,0,0,0.0
37951,1,0,0,0,0.0
41983,2,0,0,0,0.0
44495,4,0,0,0,0.0
53126,3,0,0,0,0.0
98663,1,0,0,0,0.0
105865,1,0,0,0,0.0
129885,1,0,0,0,0.0
250711,1,0,0,0,0.0
279967,1,0,0,0,0.0
329382,1,0,0,0,0.0
439291,1,0,0,0,0.0
475120,1,0,0,0,0.0
552,1,0,0,0,0.0
18351,1,0,0,0,0.0
22460,2,0,0,0,0.0
22601,5,0,0,0,0.0
24383,1,0,0,0,0.0
39061,1,0,0,0,0.0
44651,1,0,0,0,0.0
67243,1,0,0,0,0.0
120376,1,0,0,0,0.0
159886,1,1,0,1,1.0
177147,1,0,0,0,0.0
277409,1,0,0,0,0.0
285260,1,0,0,0,0.0
306905,1,0,0,0,0.0
338011,2,0,0,0,0.0
31761,1,0,0,0,0.0
94780,1,0,0,0,0.0
105863,1,0,0,0,0.0
119785,1,0,0,0,0.0
150830,1,0,0,0,0.0
151213,1,0,0,0,0.0
162314,1,0,0,0,0.0
164847,1,0,0,0,0.0
291198,1,0,0,0,0.0
325286,1,0,0,0,0.0
331717,2,0,0,0,0.0
393758,1,0,0,0,0.0
421825,1,0,0,0,0.0
398,2,0,0,0,0.0
31222,1,0,0,0,0.0
36529,1,0,0,0,0.0
131934,4,0,0,0,0.0
202548,1,0,0,0,0.0
207002,2,0,0,0,0.0
219397,1,0,0,0,0.0
301815,1,0,0,0,0.0
404433,1,0,0,0,0.0
512824,1,0,0,0,0.0
3392,1,0,0,0,0.0
10451,1,0,0,0,0.0
15777,1,0,0,0,0.0
98098,1,0,0,0,0.0
119535,1,0,0,0,0.0
132869,1,0,0,0,0.0
166540,1,0,0,0,0.0
194128,1,0,0,0,0.0
201221,2,0,0,0,0.0
291544,1,0,0,0,0.0
13435,2,0,0,0,0.0
18078,2,0,0,0,0.0
37239,1,0,0,0,0.0
44940,1,0,0,0,0.0
62422,1,0,0,0,0.0
156779,1,0,0,0,0.0
166325,1,0,0,0,0.0
214398,1,0,0,0,0.0
415101,1,0,0,0,0.0
462173,1,0,0,0,0.0
7653,4,0,0,0,0.0
22704,2,0,0,0,0.0
58322,1,0,0,0,0.0
59538,1,0,0,0,0.0
86827,1,0,0,0,0.0
133252,1,0,0,0,0.0
227424,1,0,0,0,0.0
242737,1,0,0,0,0.0
284590,1,0,0,0,0.0
291152,3,0,0,0,0.0
314847,1,0,0,0,0.0
323564,1,0,0,0,0.0
419561,1,0,0,0,0.0
2445,1,0,0,0,0.0
14271,5,0,0,0,0.0
26076,1,0,0,0,0.0
68918,1,0,0,0,0.0
78021,1,0,0,0,0.0
87491,2,0,0,0,0.0
88372,1,0,0,0,0.0
116975,1,0,0,0,0.0
125503,1,0,0,0,0.0
154309,1,0,0,0,0.0
158922,1,0,0,0,0.0
161532,1,0,0,0,0.0
243104,1,0,0,0,0.0
244552,1,0,0,0,0.0
254251,1,0,0,0,0.0
360476,1,0,0,0,0.0
2304,2,0,0,0,0.0
2875,9,0,0,0,0.0
15178,1,0,0,0,0.0
28463,2,0,0,0,0.0
58208,1,0,0,0,0.0
72779,1,0,0,0,0.0
106287,2,0,0,0,0.0
137797,1,0,0,0,0.0
143220,1,0,0,0,0.0
310186,1,0,0,0,0.0
838,1,0,0,0,0.0
11062,1,0,0,0,0.0
14440,2,0,0,0,0.0
19036,1,0,0,0,0.0
38536,1,0,0,0,0.0
137835,1,0,0,0,0.0
185480,1,0,0,0,0.0
234848,1,0,0,0,0.0
297397,1,0,0,0,0.0
297978,1,0,0,0,0.0
313739,1,0,0,0,0.0
519805,1,0,0,0,0.0
543314,1,0,0,0,0.0
1789,1,0,0,0,0.0
36163,1,0,0,0,0.0
50654,1,0,0,0,0.0
156176,1,0,0,0,0.0
192046,1,0,0,0,0.0
215189,1,0,0,0,0.0
229957,1,0,0,0,0.0
497956,1,0,0,0,0.0
543610,1,0,0,0,0.0
27468,9,0,0,0,0.0
28393,1,0,0,0,0.0
32962,13,0,0,0,0.0
34060,1,0,0,0,0.0
49264,2,0,0,0,0.0
66759,1,0,0,0,0.0
76085,1,0,0,0,0.0
282836,1,0,0,0,0.0
311550,1,0,0,0,0.0
319647,1,0,0,0,0.0
350595,1,0,0,0,0.0
7303,1,0,0,0,0.0
20968,1,0,0,0,0.0
30017,1,0,0,0,0.0
63134,3,0,0,0,0.0
85296,3,0,0,0,0.0
122420,1,0,0,0,0.0
165556,1,0,0,0,0.0
166186,1,0,0,0,0.0
184497,1,0,0,0,0.0
382401,1,0,0,0,0.0
463475,1,0,0,0,0.0
10482,1,0,0,0,0.0
14272,9,0,0,0,0.0
94236,3,0,0,0,0.0
137656,1,0,0,0,0.0
139759,1,1,0,1,1.0
172002,2,0,0,0,0.0
172720,1,0,0,0,0.0
245619,2,0,0,0,0.0
320019,1,0,0,0,0.0
580935,1,0,0,0,0.0
6343,1,0,0,0,0.0
15674,1,0,0,0,0.0
18683,1,0,0,0,0.0
19152,1,0,0,0,0.0
21649,1,0,0,0,0.0
23340,1,0,0,0,0.0
50179,6,0,0,0,0.0
58655,1,0,0,0,0.0
75790,1,0,0,0,0.0
77103,1,0,0,0,0.0
99570,11,0,0,0,0.0
184176,2,0,0,0,0.0
222459,1,0,0,0,0.0
293698,1,0,0,0,0.0
353872,1,0,0,0,0.0
608315,1,0,0,0,0.0
698245,1,0,0,0,0.0
3959,1,0,0,0,0.0
13128,1,0,0,0,0.0
28109,1,0,0,0,0.0
51406,10,0,0,0,0.0
86625,1,0,0,0,0.0
106308,1,0,0,0,0.0
107123,1,0,0,0,0.0
111693,1,0,0,0,0.0
142242,1,0,0,0,0.0
231456,1,0,0,0,0.0
306120,1,0,0,0,0.0
375342,1,0,0,0,0.0
395645,1,0,0,0,0.0
525962,1,0,0,0,0.0
574185,1,0,0,0,0.0
621281,1,0,0,0,0.0
27292,2,0,0,0,0.0
28390,1,0,0,0,0.0
46790,1,0,0,0,0.0
80431,1,0,0,0,0.0
149926,1,0,0,0,0.0
157365,1,0,0,0,0.0
161812,1,0,0,0,0.0
169846,1,0,0,0,0.0
247947,1,0,0,0,0.0
372362,1,0,0,0,0.0
8606,1,0,0,0,0.0
63648,1,0,0,0,0.0
89693,1,0,0,0,0.0
187697,1,0,0,0,0.0
189440,1,0,0,0,0.0
303874,1,0,1,1,1.0
382780,1,0,0,0,0.0
511680,1,0,0,0,0.0
736,1,0,0,0,0.0
5808,1,0,0,0,0.0
6626,2,0,0,0,0.0
24929,13,0,0,0,0.0
27649,2,0,0,0,0.0
44870,5,0,0,0,0.0
44872,4,0,0,0,0.0
74997,2,0,0,0,0.0
75593,1,0,0,0,0.0
110729,1,0,0,0,0.0
164760,1,0,0,0,0.0
211782,1,0,0,0,0.0
230766,2,0,0,0,0.0
235163,2,0,0,0,0.0
528602,1,0,0,0,0.0
24297,1,0,0,0,0.0
62165,1,0,0,0,0.0
68923,1,0,0,0,0.0
131752,1,0,0,0,0.0
147867,1,0,0,0,0.0
244815,1,0,0,0,0.0
346518,1,0,0,0,0.0
958,1,0,0,0,0.0
12276,1,0,0,0,0.0
25865,1,0,0,0,0.0
31616,1,0,0,0,0.0
74244,2,0,0,0,0.0
172491,1,0,0,0,0.0
204207,1,0,0,0,0.0
495449,1,0,0,0,0.0
608168,1,0,0,0,0.0
136,2,0,0,0,0.0
20345,1,0,0,0,0.0
78642,1,0,0,0,0.0
109387,1,0,0,0,0.0
115936,2,0,0,0,0.0
126141,1,0,0,0,0.0
161815,1,0,0,0,0.0
173622,3,0,0,0,0.0
202329,1,0,0,0,0.0
222176,1,0,0,0,0.0
256794,1,0,0,0,0.0
372367,1,0,0,0,0.0
541078,1,0,0,0,0.0
651099,1,0,0,0,0.0
1998,1,0,0,0,0.0
32172,14,0,0,0,0.0
129524,3,0,0,0,0.0
206150,1,0,0,0,0.0
300347,1,0,0,0,0.0
508600,1,0,0,0,0.0
606212,1,0,0,0,0.0
657549,1,0,0,0,0.0
3407,1,0,0,0,0.0
8169,1,0,0,0,0.0
21374,1,0,0,0,0.0
51779,1,0,0,0,0.0
62146,1,0,0,0,0.0
144927,1,0,0,0,0.0
179992,2,0,0,0,0.0
257815,1,0,0,0,0.0
299670,2,0,0,0,0.0
347462,1,0,0,0,0.0
413970,1,0,0,0,0.0
575290,1,0,0,0,0.0
1837,1,0,0,0,0.0
16814,1,0,0,0,0.0
32961,1,0,0,0,0.0
55220,1,0,0,0,0.0
95449,1,0,0,0,0.0
127447,1,0,0,0,0.0
131409,1,0,0,0,0.0
132487,2,0,0,0,0.0
276162,1,0,0,0,0.0
326130,1,0,0,0,0.0
492155,1,0,0,0,0.0
12335,1,0,0,0,0.0
29065,1,0,0,0,0.0
129677,1,0,0,0,0.0
154436,1,0,0,0,0.0
164449,1,0,0,0,0.0
178177,1,0,0,0,0.0
224671,1,0,0,0,0.0
283869,1,0,0,0,0.0
303759,1,0,0,0,0.0
484757,1,0,0,0,0.0
552078,1,0,0,0,0.0
5179,1,0,0,0,0.0
33911,1,0,0,0,0.0
44332,7,0,0,0,0.0
97774,1,0,0,0,0.0
109770,1,0,0,0,0.0
126790,1,0,0,0,0.0
177158,1,0,0,0,0.0
236405,1,0,0,0,0.0
521943,1,0,0,0,0.0
589152,1,0,0,0,0.0
166,1,0,0,0,0.0
1412,1,0,0,0,0.0
8356,1,0,0,0,0.0
19462,1,0,0,0,0.0
26894,4,0,1,1,0.25
39442,1,0,0,0,0.0
42691,1,0,0,0,0.0
76225,1,0,0,0,0.0
102292,1,0,0,0,0.0
134343,1,0,0,0,0.0
166919,1,0,0,0,0.0
199300,1,0,0,0,0.0
215348,1,0,0,0,0.0
253747,1,0,0,0,0.0
314916,1,0,0,0,0.0
371966,1,0,0,0,0.0
22878,1,0,0,0,0.0
83387,4,0,0,0,0.0
118612,1,0,0,0,0.0
120930,1,0,0,0,0.0
180717,1,0,0,0,0.0
212224,1,0,0,0,0.0
213332,2,0,0,0,0.0
241560,2,0,0,0,0.0
268877,1,0,0,0,0.0
529252,1,0,0,0,0.0
1791,1,0,0,0,0.0
14661,2,0,0,0,0.0
77214,1,0,0,0,0.0
97776,2,0,0,0,0.0
163232,1,0,0,0,0.0
234825,2,0,0,0,0.0
258396,1,0,0,0,0.0
260619,1,0,0,0,0.0
317178,1,0,0,0,0.0
398860,1,0,0,0,0.0
743928,1,0,0,0,0.0
18888,1,0,0,0,0.0
42293,1,0,0,0,0.0
42690,2,0,0,0,0.0
86101,1,0,0,0,0.0
125786,1,0,0,0,0.0
126635,3,0,0,0,0.0
139228,1,0,0,0,0.0
175376,1,0,0,0,0.0
227956,1,0,0,0,0.0
244255,1,0,0,0,0.0
358309,1,0,0,0,0.0
594429,1,0,0,0,0.0
682101,1,0,0,0,0.0
18291,2,0,0,0,0.0
58841,1,0,0,0,0.0
59379,1,0,0,0,0.0
62013,1,0,0,0,0.0
69257,2,0,0,0,0.0
81289,4,0,0,0,0.0
82855,1,0,0,0,0.0
108160,1,0,0,0,0.0
127115,1,0,0,0,0.0
136573,1,0,0,0,0.0
138072,1,0,0,0,0.0
159646,1,0,0,0,0.0
165924,2,0,0,0,0.0
223019,1,0,0,0,0.0
251360,1,0,0,0,0.0
265236,1,0,0,0,0.0
296561,1,0,0,0,0.0
395970,1,0,0,0,0.0
4224,1,0,0,0,0.0
19582,1,0,0,0,0.0
30910,1,0,0,0,0.0
42542,3,0,0,0,0.0
177146,1,0,0,0,0.0
178130,1,0,0,0,0.0
190147,1,0,0,0,0.0
190155,1,0,0,0,0.0
205302,1,0,0,0,0.0
215003,1,0,0,0,0.0
283297,1,0,0,0,0.0
302986,1,0,0,0,0.0
387564,1,0,0,0,0.0
392204,1,0,0,0,0.0
551127,1,0,0,0,0.0
606052,1,0,0,0,0.0
4062,1,0,0,0,0.0
9883,1,0,0,0,0.0
65398,1,0,0,0,0.0
117602,2,0,0,0,0.0
186407,1,0,0,0,0.0
296401,1,0,0,0,0.0
383077,1,0,0,0,0.0
385362,1,0,0,0,0.0
457798,1,0,0,0,0.0
523231,1,0,0,0,0.0
45470,3,0,0,0,0.0
190923,2,0,0,0,0.0
214855,1,0,0,0,0.0
239657,1,0,0,0,0.0
494813,1,0,0,0,0.0
543391,1,0,0,0,0.0
599602,1,0,0,0,0.0
734583,1,0,0,0,0.0
11369,1,0,0,0,0.0
11435,1,0,0,0,0.0
41209,1,0,0,0,0.0
47206,1,0,0,0,0.0
47980,1,0,0,0,0.0
59242,5,0,0,0,0.0
77215,1,0,0,0,0.0
89148,1,0,0,0,0.0
90599,1,0,0,0,0.0
93506,1,0,0,0,0.0
135183,1,0,0,0,0.0
142806,1,0,0,0,0.0
162887,1,0,0,0,0.0
244218,1,0,0,0,0.0
271898,1,0,0,0,0.0
288243,1,0,0,0,0.0
299674,2,0,0,0,0.0
682823,1,0,0,0,0.0
13121,1,0,0,0,0.0
22372,2,0,0,0,0.0
25958,1,0,0,0,0.0
48541,1,0,0,0,0.0
93401,1,0,0,0,0.0
93867,1,0,0,0,0.0
213726,1,0,0,0,0.0
295582,1,0,0,0,0.0
433701,1,0,0,0,0.0
629453,1,0,0,0,0.0
32433,2,0,0,0,0.0
53226,1,0,0,0,0.0
62433,1,0,0,0,0.0
183994,1,0,0,0,0.0
199629,1,0,0,0,0.0
274824,1,0,0,0,0.0
351428,1,0,0,0,0.0
508971,1,0,0,0,0.0
673090,1,0,0,0,0.0
52428,1,0,0,0,0.0
58035,1,0,0,0,0.0
83105,1,0,0,0,0.0
86624,3,0,0,0,0.0
116813,1,0,0,0,0.0
156538,1,0,0,0,0.0
163642,1,0,0,0,0.0
218520,1,0,0,0,0.0
300590,1,0,0,0,0.0
419679,1,0,0,0,0.0
3742,1,0,0,0,0.0
15933,1,0,0,0,0.0
37272,1,0,0,0,0.0
136014,1,0,0,0,0.0
144329,1,0,0,0,0.0
158026,1,0,0,0,0.0
176944,1,0,0,0,0.0
176954,1,0,0,0,0.0
222663,2,0,0,0,0.0
234824,1,0,0,0,0.0
259114,1,0,0,0,0.0
31098,2,1,0,1,0.5
75596,1,0,0,0,0.0
78619,1,0,0,0,0.0
85711,1,0,0,0,0.0
120204,1,0,0,0,0.0
194930,1,0,0,0,0.0
238650,2,0,0,0,0.0
292208,1,0,0,0,0.0
339693,1,0,0,0,0.0
422826,1,0,0,0,0.0
14376,1,0,0,0,0.0
31436,1,0,0,0,0.0
81581,1,0,0,0,0.0
103513,2,0,0,0,0.0
112331,1,0,0,0,0.0
168237,1,0,0,0,0.0
209071,1,0,0,0,0.0
250731,1,0,0,0,0.0
303023,1,0,0,0,0.0
303312,1,0,0,0,0.0
5705,3,0,0,0,0.0
6353,1,0,0,0,0.0
38686,1,0,0,0,0.0
49930,1,0,0,0,0.0
81919,1,0,0,0,0.0
85486,3,0,0,0,0.0
105428,2,0,0,0,0.0
124351,1,0,0,0,0.0
125306,1,0,0,0,0.0
129526,1,0,0,0,0.0
135500,1,0,0,0,0.0
258275,1,0,0,0,0.0
9736,1,0,0,0,0.0
15124,2,0,0,0,0.0
20905,1,0,0,0,0.0
32081,1,0,0,0,0.0
51056,1,0,0,0,0.0
54252,1,0,0,0,0.0
72307,1,0,0,0,0.0
90809,1,0,0,0,0.0
90845,1,0,0,0,0.0
132405,1,0,0,0,0.0
145149,1,0,0,0,0.0
167173,1,0,0,0,0.0
207927,1,0,0,0,0.0
212585,1,0,0,0,0.0
214494,1,0,0,0,0.0
277758,1,0,0,0,0.0
299925,1,0,0,0,0.0
304908,1,0,0,0,0.0
350395,1,0,0,0,0.0
427,1,0,0,0,0.0
17816,4,0,0,0,0.0
28281,1,0,0,0,0.0
49616,1,0,0,0,0.0
114496,1,0,0,0,0.0
135923,1,0,0,0,0.0
207432,1,0,0,0,0.0
256363,1,0,0,0,0.0
420283,1,0,0,0,0.0
594662,1,0,0,0,0.0
2858,4,0,0,0,0.0
6129,2,0,0,0,0.0
14519,1,0,0,0,0.0
19544,1,0,0,0,0.0
38171,1,0,0,0,0.0
64517,1,0,0,0,0.0
78438,1,0,0,0,0.0
134481,1,0,0,0,0.0
178310,1,0,0,0,0.0
240978,1,0,0,0,0.0
306185,1,0,0,0,0.0
645,1,0,0,0,0.0
9911,2,0,0,0,0.0
50390,1,0,0,0,0.0
108615,1,0,0,0,0.0
134499,1,0,0,0,0.0
169465,1,0,0,0,0.0
187202,1,0,0,0,0.0
211629,1,0,0,0,0.0
260903,1,0,0,0,0.0
342007,3,0,0,0,0.0
439221,1,0,0,0,0.0
7338,1,0,0,0,0.0
11681,1,0,0,0,0.0
12048,1,0,0,0,0.0
15288,2,0,0,0,0.0
18010,1,0,0,0,0.0
75791,1,0,0,0,0.0
176656,1,0,0,0,0.0
222992,2,0,0,0,0.0
250560,1,0,0,0,0.0
445507,1,0,0,0,0.0
551631,1,0,0,0,0.0
608807,1,0,0,0,0.0
21534,1,0,0,0,0.0
169241,1,0,0,0,0.0
256579,1,0,0,0,0.0
435630,1,0,0,0,0.0
443796,1,0,0,0,0.0
8331,1,0,0,0,0.0
78439,2,0,0,0,0.0
78589,2,0,0,0,0.0
106483,2,0,0,0,0.0
347834,1,0,0,0,0.0
4590,1,0,0,0,0.0
34013,1,0,0,0,0.0
38548,1,0,0,0,0.0
56676,1,0,0,0,0.0
59056,1,0,0,0,0.0
63549,1,0,0,0,0.0
85204,1,0,0,0,0.0
88140,1,0,0,0,0.0
187932,1,0,0,0,0.0
191728,1,0,0,0,0.0
198515,1,0,0,0,0.0
258875,1,0,0,0,0.0
296231,1,0,0,0,0.0
10718,7,0,0,0,0.0
53804,1,0,0,0,0.0
111051,1,0,0,0,0.0
132959,1,0,0,0,0.0
174820,1,0,0,0,0.0
234839,1,0,0,0,0.0
573022,1,0,0,0,0.0
22459,1,0,0,0,0.0
44434,1,0,0,0,0.0
68244,7,1,0,1,0.142857142857
117202,1,0,0,0,0.0
121168,1,0,0,0,0.0
129799,1,0,0,0,0.0
162345,1,0,0,0,0.0
178798,1,0,0,0,0.0
184517,1,0,0,0,0.0
196831,1,0,0,0,0.0
224234,1,0,0,0,0.0
324570,1,0,0,0,0.0
370110,2,0,0,0,0.0
592158,1,0,0,0,0.0
15779,2,0,0,0,0.0
70488,3,0,0,0,0.0
80629,2,0,0,0,0.0
81635,1,0,0,0,0.0
252657,1,0,0,0,0.0
362650,4,0,0,0,0.0
34604,1,0,0,0,0.0
57452,1,0,0,0,0.0
78690,1,0,0,0,0.0
144652,1,0,0,0,0.0
183385,1,0,0,0,0.0
224461,2,0,0,0,0.0
243517,1,0,0,0,0.0
246410,1,0,0,0,0.0
591548,1,0,0,0,0.0
21259,1,0,0,0,0.0
46995,2,0,0,0,0.0
64174,1,0,0,0,0.0
70316,1,0,0,0,0.0
73196,1,0,0,0,0.0
104347,2,0,0,0,0.0
104759,1,0,0,0,0.0
148167,1,0,0,0,0.0
184347,1,0,0,0,0.0
253150,1,0,0,0,0.0
345418,1,0,0,0,0.0
510501,1,0,0,0,0.0
565534,1,0,0,0,0.0
8545,1,0,0,0,0.0
16551,1,0,0,0,0.0
18549,1,0,0,0,0.0
21196,1,0,0,0,0.0
43262,11,0,0,0,0.0
100511,5,0,0,0,0.0
146825,1,0,0,0,0.0
194065,1,0,0,0,0.0
309295,1,0,0,0,0.0
321357,1,0,0,0,0.0
5292,1,0,0,0,0.0
6944,2,0,0,0,0.0
10674,1,0,0,0,0.0
18845,1,0,0,0,0.0
22703,1,0,0,0,0.0
28044,1,0,0,0,0.0
39440,1,0,0,0,0.0
49615,2,0,0,0,0.0
65674,1,0,0,0,0.0
170718,1,0,0,0,0.0
180572,2,0,0,0,0.0
198605,1,0,0,0,0.0
213219,1,0,0,0,0.0
231086,1,0,0,0,0.0
242858,1,0,0,0,0.0
248781,1,0,0,0,0.0
11872,1,0,0,0,0.0
14515,1,0,0,0,0.0
43560,1,0,0,0,0.0
96403,1,0,0,0,0.0
97486,1,0,0,0,0.0
98740,1,0,0,0,0.0
107421,1,0,0,0,0.0
107704,1,0,0,0,0.0
112622,1,0,0,0,0.0
134686,1,0,0,0,0.0
136416,1,0,0,0,0.0
215298,1,0,0,0,0.0
224225,1,0,0,0,0.0
238601,1,0,0,0,0.0
284441,1,0,0,0,0.0
356094,1,0,0,0,0.0
367285,1,0,0,0,0.0
8823,6,0,0,0,0.0
16451,1,0,0,0,0.0
26374,1,0,0,0,0.0
72715,1,0,0,0,0.0
81751,1,0,0,0,0.0
89371,1,0,0,0,0.0
95335,1,0,0,0,0.0
105959,1,0,0,0,0.0
249098,1,0,0,0,0.0
340334,1,0,0,0,0.0
50295,1,0,0,0,0.0
116904,1,0,0,0,0.0
181580,1,0,0,0,0.0
196352,1,0,0,0,0.0
202285,1,0,0,0,0.0
228157,1,0,0,0,0.0
382065,1,0,0,0,0.0
460257,1,0,0,0,0.0
32269,1,0,0,0,0.0
37813,1,0,0,0,0.0
46743,2,0,0,0,0.0
47236,3,0,0,0,0.0
62293,3,0,0,0,0.0
134484,1,0,0,0,0.0
189580,1,0,0,0,0.0
202389,2,0,0,0,0.0
470594,1,0,0,0,0.0
530925,1,0,0,0,0.0
9747,1,0,0,0,0.0
38260,1,0,0,0,0.0
43397,1,0,0,0,0.0
49682,1,0,0,0,0.0
54315,1,0,0,0,0.0
76226,7,1,0,1,0.142857142857
107760,1,0,0,0,0.0
164875,1,0,0,0,0.0
243868,1,0,0,0,0.0
245911,1,0,0,0,0.0
277225,1,0,0,0,0.0
298419,1,0,0,0,0.0
339408,1,0,0,0,0.0
352710,1,0,0,0,0.0
15776,3,0,0,0,0.0
48387,1,0,0,0,0.0
84691,1,0,0,0,0.0
101521,2,0,0,0,0.0
111306,1,0,0,0,0.0
205187,1,0,0,0,0.0
428286,1,0,0,0,0.0
23231,1,0,0,0,0.0
26486,1,0,0,0,0.0
28696,5,0,0,0,0.0
44572,4,0,0,0,0.0
52307,1,0,0,0,0.0
60705,1,0,0,0,0.0
122442,2,0,0,0,0.0
126737,1,0,0,0,0.0
161386,1,0,0,0,0.0
163917,1,0,0,0,0.0
168526,1,0,0,0,0.0
198369,1,0,0,0,0.0
209979,1,0,0,0,0.0
287987,1,0,0,0,0.0
366580,1,0,0,0,0.0
388360,1,0,0,0,0.0
37235,3,0,0,0,0.0
92816,1,0,0,0,0.0
125701,1,0,0,0,0.0
160525,1,0,0,0,0.0
208682,1,0,0,0,0.0
247020,1,0,0,0,0.0
250835,1,0,0,0,0.0
355075,1,0,0,0,0.0
489381,1,0,0,0,0.0
20987,1,0,0,0,0.0
37687,2,0,0,0,0.0
54168,2,0,0,0,0.0
68560,1,0,0,0,0.0
80106,1,0,0,0,0.0
85488,1,0,0,0,0.0
86834,1,0,0,0,0.0
95614,1,0,0,0,0.0
100907,1,0,0,0,0.0
138765,1,0,0,0,0.0
177756,1,0,0,0,0.0
431271,1,0,0,0,0.0
29187,1,0,0,0,0.0
71067,1,0,0,0,0.0
71228,1,0,0,0,0.0
97222,1,0,0,0,0.0
124519,1,0,0,0,0.0
143425,1,0,0,0,0.0
212352,1,0,0,0,0.0
315400,1,0,0,0,0.0
415429,1,0,0,0,0.0
1883,2,0,0,0,0.0
10226,1,0,0,0,0.0
37598,3,0,0,0,0.0
69356,1,0,0,0,0.0
74659,2,0,0,0,0.0
187626,1,0,0,0,0.0
234640,1,0,0,0,0.0
245720,1,0,0,0,0.0
250647,1,0,0,0,0.0
322999,1,0,0,0,0.0
336264,1,0,0,0,0.0
345492,1,0,0,0,0.0
365092,1,0,0,0,0.0
424023,1,0,0,0,0.0
503542,1,0,0,0,0.0
6321,1,0,0,0,0.0
52467,1,0,0,0,0.0
89590,4,0,0,0,0.0
119647,1,0,0,0,0.0
253719,1,0,0,0,0.0
422549,1,0,0,0,0.0
518661,1,0,0,0,0.0
21714,1,0,0,0,0.0
23617,1,0,0,0,0.0
32600,1,0,0,0,0.0
35446,1,0,0,0,0.0
41427,1,0,0,0,0.0
86904,1,0,0,0,0.0
110701,1,0,0,0,0.0
113318,2,0,0,0,0.0
124047,1,0,0,0,0.0
156965,1,0,0,0,0.0
167840,2,0,0,0,0.0
182773,5,0,0,0,0.0
189342,1,0,0,0,0.0
211665,1,0,0,0,0.0
300550,1,0,0,0,0.0
315986,1,0,0,0,0.0
355364,1,0,0,0,0.0
394836,1,0,0,0,0.0
654377,1,0,0,0,0.0
24594,1,0,0,0,0.0
45875,1,0,0,0,0.0
55050,1,0,0,0,0.0
76320,1,0,0,0,0.0
130361,1,0,0,0,0.0
139298,1,0,0,0,0.0
157755,1,0,0,0,0.0
259746,1,0,0,0,0.0
18187,1,0,0,0,0.0
23763,2,0,0,0,0.0
47605,3,0,0,0,0.0
59241,1,0,0,0,0.0
61763,1,0,0,0,0.0
67332,1,0,0,0,0.0
144357,1,0,0,0,0.0
370095,1,0,0,0,0.0
384497,1,0,0,0,0.0
496758,1,0,0,0,0.0
10229,1,0,0,0,0.0
56705,1,0,0,0,0.0
80819,1,0,0,0,0.0
121718,1,0,0,0,0.0
163764,1,0,0,0,0.0
269886,1,0,0,0,0.0
555288,1,0,0,0,0.0
7654,1,0,0,0,0.0
17858,1,0,0,0,0.0
26671,3,0,0,0,0.0
27739,2,0,0,0,0.0
29764,1,0,0,0,0.0
30782,1,0,0,0,0.0
31626,1,0,0,0,0.0
38368,4,0,0,0,0.0
44079,6,0,0,0,0.0
52663,1,0,0,0,0.0
63276,1,0,0,0,0.0
74186,1,0,0,0,0.0
105219,1,0,0,0,0.0
115325,1,0,0,0,0.0
156546,1,0,0,0,0.0
157440,1,0,0,0,0.0
180529,1,0,0,0,0.0
230383,1,0,0,0,0.0
241840,1,0,0,0,0.0
266959,1,0,0,0,0.0
269654,1,0,0,0,0.0
460246,1,0,0,0,0.0
52595,1,0,0,0,0.0
60259,1,0,0,0,0.0
63259,2,0,0,0,0.0
74187,1,0,0,0,0.0
161458,1,0,0,0,0.0
214834,1,0,0,0,0.0
224331,1,0,0,0,0.0
381643,1,0,0,0,0.0
407406,1,0,0,0,0.0
151343,1,0,0,0,0.0
20253,1,0,0,0,0.0
32323,2,0,0,0,0.0
101019,2,0,0,0,0.0
102290,2,0,0,0,0.0
133044,1,0,0,0,0.0
152760,1,0,0,0,0.0
224151,1,0,0,0,0.0
234436,1,0,0,0,0.0
248918,2,0,0,0,0.0
298453,1,0,0,0,0.0
321853,1,0,0,0,0.0
383981,1,0,0,0,0.0
393241,1,0,0,0,0.0
10922,2,0,0,0,0.0
47377,2,0,0,0,0.0
62225,1,0,0,0,0.0
77380,1,0,0,0,0.0
94906,1,0,0,0,0.0
108263,1,0,0,0,0.0
118766,1,0,0,0,0.0
132124,1,0,0,0,0.0
278043,1,0,0,0,0.0
382220,2,0,0,0,0.0
457416,1,0,0,0,0.0
530705,1,0,0,0,0.0
566867,1,0,0,0,0.0
598943,1,0,0,0,0.0
722421,1,0,0,0,0.0
74061,1,0,0,0,0.0
90666,1,0,0,0,0.0
146792,1,0,0,0,0.0
224104,1,0,0,0,0.0
290808,1,0,0,0,0.0
377201,1,0,0,0,0.0
421234,1,0,0,0,0.0
21125,11,0,0,0,0.0
24236,5,0,0,0,0.0
64634,1,0,0,0,0.0
76111,1,0,0,0,0.0
86102,1,0,0,0,0.0
112086,1,0,0,0,0.0
127337,1,0,0,0,0.0
180362,1,0,0,0,0.0
228618,1,0,0,0,0.0
322232,1,0,0,0,0.0
509358,1,0,0,0,0.0
577261,1,0,0,0,0.0
25592,1,0,0,0,0.0
76481,1,0,0,0,0.0
98428,1,0,0,0,0.0
110620,2,0,0,0,0.0
117640,1,0,0,0,0.0
126066,1,0,0,0,0.0
186294,3,0,0,0,0.0
188368,1,0,0,0,0.0
271952,1,0,0,0,0.0
276908,1,0,0,0,0.0
372456,1,0,0,0,0.0
529344,1,0,0,0,0.0
591094,1,0,0,0,0.0
83014,1,0,0,0,0.0
101728,1,0,0,0,0.0
196944,1,0,0,0,0.0
211781,1,0,0,0,0.0
217320,1,0,0,0,0.0
301391,1,0,0,0,0.0
621395,1,0,0,0,0.0
132506,1,0,0,0,0.0
250960,2,0,0,0,0.0
299538,1,0,0,0,0.0
380209,1,0,0,0,0.0
472131,1,0,0,0,0.0
485654,1,0,0,0,0.0
584005,1,0,0,0,0.0
17284,1,0,0,0,0.0
42887,1,0,0,0,0.0
103692,1,0,0,0,0.0
130471,2,0,0,0,0.0
152387,2,0,0,0,0.0
247580,1,0,0,0,0.0
428356,1,0,0,0,0.0
491482,1,0,0,0,0.0
575037,1,0,0,0,0.0
650179,1,0,0,0,0.0
779689,1,0,0,0,0.0
119,1,0,0,0,0.0
9876,1,0,0,0,0.0
71141,1,0,0,0,0.0
75760,1,0,0,0,0.0
101906,1,0,0,0,0.0
137256,1,0,0,0,0.0
140982,1,0,0,0,0.0
144796,1,0,0,0,0.0
271603,1,0,0,0,0.0
292968,1,0,0,0,0.0
347253,1,0,0,0,0.0
379863,1,0,0,0,0.0
1328,3,0,0,0,0.0
26389,2,0,0,0,0.0
36036,1,0,0,0,0.0
137600,1,0,0,0,0.0
172005,1,0,0,0,0.0
180108,1,0,0,0,0.0
204199,1,0,0,0,0.0
205321,1,0,0,0,0.0
290306,1,0,0,0,0.0
379806,1,0,0,0,0.0
437632,1,0,0,0,0.0
543630,1,0,0,0,0.0
731801,1,0,0,0,0.0
8168,1,0,0,0,0.0
25124,2,0,0,0,0.0
112871,1,0,0,0,0.0
307550,1,0,0,0,0.0
400057,1,0,0,0,0.0
569015,1,0,0,0,0.0
17136,3,0,0,0,0.0
40603,1,0,0,0,0.0
48897,1,0,0,0,0.0
157437,1,0,0,0,0.0
184575,2,0,0,0,0.0
192863,1,0,0,0,0.0
239544,1,0,0,0,0.0
317750,1,0,0,0,0.0
330710,1,0,0,0,0.0
438016,1,0,0,0,0.0
442885,1,0,0,0,0.0
562550,1,0,0,0,0.0
5617,1,0,0,0,0.0
18970,1,0,0,0,0.0
27650,1,0,0,0,0.0
120090,1,0,0,0,0.0
133521,1,0,0,0,0.0
182837,4,0,0,0,0.0
218630,1,0,0,0,0.0
269528,1,0,0,0,0.0
307372,1,0,0,0,0.0
456215,1,0,0,0,0.0
35447,1,0,0,0,0.0
38837,1,0,0,0,0.0
42496,4,0,0,0,0.0
46572,1,0,0,0,0.0
53171,1,0,0,0,0.0
120157,1,0,0,0,0.0
166745,4,0,0,0,0.0
170032,1,0,0,0,0.0
194216,1,0,0,0,0.0
252201,1,0,0,0,0.0
300421,1,0,0,0,0.0
314809,1,0,0,0,0.0
403207,1,0,0,0,0.0
406720,1,0,0,0,0.0
7813,2,1,0,1,0.5
49120,1,0,0,0,0.0
51058,1,0,0,0,0.0
127021,1,0,0,0,0.0
179976,1,0,0,0,0.0
186440,1,0,0,0,0.0
229459,1,0,0,0,0.0
358011,1,0,0,0,0.0
1402,1,0,0,0,0.0
63105,1,0,0,0,0.0
88177,1,0,0,0,0.0
118357,1,0,0,0,0.0
167138,1,0,0,0,0.0
173630,1,0,0,0,0.0
225781,1,0,0,0,0.0
234132,2,0,0,0,0.0
403045,1,0,0,0,0.0
580258,1,0,0,0,0.0
613155,1,0,0,0,0.0
613389,1,0,0,0,0.0
710907,1,0,0,0,0.0
3515,2,0,0,0,0.0
32812,1,0,0,0,0.0
51634,1,0,0,0,0.0
59461,1,0,0,0,0.0
62811,1,0,0,0,0.0
65946,1,0,0,0,0.0
78389,1,0,0,0,0.0
168728,1,0,0,0,0.0
199894,1,0,0,0,0.0
233469,1,0,0,0,0.0
269875,2,0,0,0,0.0
310960,1,0,0,0,0.0
545609,1,0,0,0,0.0
36015,1,0,0,0,0.0
42203,1,0,0,0,0.0
43773,1,0,0,0,0.0
84705,1,0,0,0,0.0
140699,1,0,0,0,0.0
166767,1,0,0,0,0.0
4029,9,0,0,0,0.0
4079,2,0,0,0,0.0
4085,1,0,0,0,0.0
15774,3,0,0,0,0.0
17073,1,0,0,0,0.0
20516,2,0,0,0,0.0
21693,4,0,0,0,0.0
30425,1,0,0,0,0.0
75317,6,0,0,0,0.0
75856,1,0,0,0,0.0
118284,1,0,0,0,0.0
161590,1,0,0,0,0.0
255988,2,0,0,0,0.0
316859,1,0,0,0,0.0
384873,1,0,0,0,0.0
466583,1,0,0,0,0.0
275,2,0,0,0,0.0
10179,2,0,0,0,0.0
10387,2,0,0,0,0.0
14895,1,0,0,0,0.0
35132,1,0,0,0,0.0
72456,2,0,0,0,0.0
89411,1,0,0,0,0.0
109036,1,0,0,0,0.0
121926,5,0,0,0,0.0
170868,1,0,0,0,0.0
254943,1,0,0,0,0.0
415871,1,0,0,0,0.0
677940,1,0,0,0,0.0
8167,4,0,0,0,0.0
15289,1,0,0,0,0.0
18290,2,0,0,0,0.0
61256,1,0,0,0,0.0
86580,1,0,0,0,0.0
114482,1,0,0,0,0.0
144257,1,0,0,0,0.0
196647,1,0,0,0,0.0
248680,1,0,0,0,0.0
381365,1,0,0,0,0.0
468553,1,0,0,0,0.0
814414,1,0,0,0,0.0
18370,13,0,0,0,0.0
32944,3,0,0,0,0.0
37772,1,0,0,0,0.0
42938,1,0,0,0,0.0
58418,1,0,0,0,0.0
75680,1,0,0,0,0.0
86033,1,0,0,0,0.0
89412,2,0,0,0,0.0
114162,1,0,0,0,0.0
143087,1,0,0,0,0.0
177447,1,0,0,0,0.0
219463,1,0,0,0,0.0
253630,1,0,0,0,0.0
275506,1,0,0,0,0.0
291762,1,0,0,0,0.0
431144,1,0,0,0,0.0
440014,1,0,0,0,0.0
2799,1,0,0,0,0.0
10923,8,0,0,0,0.0
25959,1,0,0,0,0.0
26266,4,0,0,0,0.0
36933,1,0,0,0,0.0
75231,1,0,0,0,0.0
89569,1,0,0,0,0.0
93885,1,0,0,0,0.0
111493,1,0,0,0,0.0
146467,1,0,0,0,0.0
167790,1,0,0,0,0.0
169828,1,0,0,0,0.0
267235,1,0,0,0,0.0
304875,1,0,0,0,0.0
406331,1,0,0,0,0.0
669889,1,0,0,0,0.0
22825,1,0,0,0,0.0
78115,2,0,0,0,0.0
507864,1,0,0,0,0.0
28168,1,0,0,0,0.0
115335,1,0,0,0,0.0
126198,2,0,0,0,0.0
126825,1,0,0,0,0.0
258086,1,0,0,0,0.0
581708,1,0,0,0,0.0
4222,2,0,0,0,0.0
34057,1,0,0,0,0.0
34209,1,0,0,0,0.0
37059,1,0,0,0,0.0
66194,1,0,0,0,0.0
210858,1,0,0,0,0.0
502783,1,0,0,0,0.0
0,26,0,0,0,0.0
927,1,0,0,0,0.0
11864,5,0,0,0,0.0
47047,2,0,0,0,0.0
57517,2,0,0,0,0.0
70475,1,0,0,0,0.0
220205,4,0,0,0,0.0
261387,1,0,0,0,0.0
356561,1,0,0,0,0.0
545714,1,0,0,0,0.0
7459,1,0,0,0,0.0
21378,1,0,0,0,0.0
47365,1,0,0,0,0.0
64765,1,0,0,0,0.0
137903,1,0,0,0,0.0
232382,1,0,0,0,0.0
359848,1,0,0,0,0.0
446808,1,0,0,0,0.0
615952,1,0,0,0,0.0
19357,2,0,0,0,0.0
39063,5,0,0,0,0.0
64073,1,0,0,0,0.0
104161,1,0,0,0,0.0
126672,1,0,0,0,0.0
146691,1,0,0,0,0.0
235535,1,0,0,0,0.0
235998,1,0,0,0,0.0
354692,1,0,0,0,0.0
18188,4,0,0,0,0.0
41063,1,0,0,0,0.0
44435,1,0,0,0,0.0
86906,1,0,0,0,0.0
130721,2,0,0,0,0.0
150829,2,0,0,0,0.0
429000,1,0,0,0,0.0
571339,1,0,0,0,0.0
2973,1,0,0,0,0.0
13628,1,0,0,0,0.0
15598,2,0,0,0,0.0
39748,1,0,0,0,0.0
44081,3,0,0,0,0.0
62012,1,0,0,0,0.0
74451,1,0,0,0,0.0
117807,1,0,0,0,0.0
134361,2,0,0,0,0.0
180318,1,0,0,0,0.0
181391,1,0,0,0,0.0
472560,1,0,0,0,0.0
490112,1,0,0,0,0.0
501618,1,0,0,0,0.0
2730,2,0,0,0,0.0
6943,1,0,0,0,0.0
10691,1,0,0,0,0.0
10719,4,0,0,0,0.0
24160,1,0,0,0,0.0
44019,1,0,0,0,0.0
147103,1,0,0,0,0.0
206296,1,0,0,0,0.0
219184,1,0,0,0,0.0
24627,1,0,0,0,0.0
42070,1,0,0,0,0.0
65357,1,0,0,0,0.0
94551,1,0,0,0,0.0
156458,2,0,0,0,0.0
167365,3,0,0,0,0.0
253943,1,0,0,0,0.0
254256,1,0,0,0,0.0
478166,1,0,0,0,0.0
516999,1,0,0,0,0.0
572511,1,0,0,0,0.0
600058,1,0,0,0,0.0
20450,1,0,0,0,0.0
50180,1,0,0,0,0.0
62145,1,0,0,0,0.0
87599,3,0,0,0,0.0
109117,1,0,0,0,0.0
213345,1,0,0,0,0.0
268566,1,0,0,0,0.0
536611,1,0,0,0,0.0
645504,1,0,0,0,0.0
2965,1,0,0,0,0.0
3836,1,0,0,0,0.0
5581,1,0,0,0,0.0
29757,1,0,0,0,0.0
37529,1,0,0,0,0.0
71301,1,0,0,0,0.0
93068,1,0,0,0,0.0
132792,2,0,0,0,0.0
147638,2,0,0,0,0.0
164685,1,0,0,0,0.0
166504,1,0,0,0,0.0
